"E(level)(keV)","XREF","Jπ(level)","T1/2(level)","E(γ)(keV)","I(γ)","M(γ)","Final Levels",
"0.0","AB","1/2-","23.6 h 1 , % ε = 100","","","","","",
"69.73 4","AB","3/2-","","69.70 5","100","M1+E2","0.0","1/2-",
"81.49 5","AB","5/2-","","11.9 2 ,     81.5 1",",    100",", E2","69.73,         0.0","3/2-, 1/2-",
"107.16 5","AB","5/2-","180 ns 8","25.70 5 ,     37.40 5 ,    107.2 2","11 3 ,    100 11 ,","M1, M1+E2, (E2)","81.49,        69.73,         0.0","5/2-, 3/2-, 1/2-",
"197.23 10","AB","7/2-","","90.0 2","100","M1+E2","107.16","5/2-",
"197.47 10","AB","7/2+","160 ns 40","90.3 1","100","E1","107.16","5/2-",
"241.90 7","AB","7/2-","","160.4 1 ,    172.2 1","9.3 10 ,    100 10","M1+E2, E2","81.49,        69.73","5/2-, 3/2-",
"255.51 11","AB","9/2+","","58.05 5","100","M1+E2","197.47","7/2+",
"262.14 8","AB","9/2-","","20.3 1 ,    180.6 1",",    100",", E2","241.90,        81.49","7/2-, 5/2-",
"312.27 11","AB","9/2-","","115.0 1 ,    205.3 2","100 18 ,     51 12","M1+E2, (E2)","197.23,       107.16","7/2-, 5/2-",
"336.0 3","B","11/2+","","80.6 3 ,    138.1 3","100 6 ,     37 4",",","255.51,       197.47","9/2+, 7/2+",
"435.4 3","B","13/2+","","99.2 3 ,    180.0 3","100 4 ,     81 6","M1+E2, (E2)","336.0,       255.51","11/2+, 9/2+",
"451.5 2","AB","11/2-","","139.2 2 ,    254.4 2","96 27 ,    100 32","M1+E2,","312.27,       197.23","9/2-, 7/2-",
"508.6 2","AB","11/2-","","246.8 2 ,    266.9 2","34 13 ,    100 2",", E2","262.14,       241.90","9/2-, 7/2-",
"536.0 3","B","13/2-","","273.8 3","100","E2","262.14","9/2-",
"567.4 3","B","15/2+","","131.9 3 ,    231.5 3","68 3 ,    100 5","M1+E2, E2","435.4,       336.0","13/2+, 11/2+",
"613.7 2","B","13/2-","","162.3 3 ,    301.3 3","53 7 ,    100 3","M1+E2, (E2)","451.5,       312.27","11/2-, 9/2-",
"635.8 2 ?","A","5/2+,7/2,9/2+","","380.3 2 ,    438.3 1","18 5 ,    100 29",",","255.51,       197.47","9/2+, 7/2+",
"704.2 3","B","17/2+","","136.6 3 ,    269.0 3","30.7 17 ,    100.0 6","M1+E2, (E2)","567.4,       435.4","15/2+, 13/2+",
"775.2 2","A","5/2-,7/2","","463.4 1 ,    577.6 2 ,    667.7 2","7.9 21 ,     11 3 ,    100 26",", ,","312.27,       197.23,       107.16","9/2-, 7/2-, 5/2-",
"785.3 2 ?","A","7/2-,9/2-","","529.8 2 ,    587.8 2","100 27 ,     46 12","E1, M1+E2","255.51,       197.23","9/2+, 7/2-",
"797.5 3","B","(15/2-)","","183.8 3 ,    346.1 3","34 4 ,    100.0 18",", (E2)","613.7,       451.5","13/2-, 11/2-",
"811.7 1","A","5/2-","","549.6 2 ,    569.6 2 ,    730.6 2 ,    742.0 4 ,    811.7 2","62 18 ,     12 3 ,    100 26 ,    ≈18,     68 18",", , M1, ,","262.14,       241.90,        81.49,        69.73,         0.0","9/2-, 7/2-, 5/2-, 3/2-, 1/2-",
"862.2 3","B","15/2-","","326 1 ,    353.6 3","35.8 25 ,    100 2",", E2","536.0,       508.6","13/2-, 11/2-",
"895.0 4","B","17/2-","","359.0 3","100","E2","536.0","13/2-",
"896.0 3","B","19/2+","","191.7 3 ,    328.7 3","33 3 ,    100 6","M1+E2, E2","704.2,       567.4","17/2+, 15/2+",
"927.5 1","A","3/2-,5/2,7/2-","","685.6 2 ,    846.1 2 ,    857.6 2","27 7 ,    100 27 ,     62 15",", ,","241.90,        81.49,        69.73","7/2-, 5/2-, 3/2-",
"942.8 1","A","7/2-","","434.3 1 ,    680.2 2 ,    700.6 2 ,    861.7 2 ,    873.0 2","4.5 12 ,      7.6 20 ,    100 8 ,      7.6 20 ,     61 15",", , M1+E2, ,","508.6,       262.14,       241.90,        81.49,        69.73","11/2-, 9/2-, 7/2-, 5/2-, 3/2-",
"958.3 1 ?","A","3/2,5/2-","","851.0 2 ,    876.6 2 ,    888.7 2 ,    958.6 2","24 6 ,     69 17 ,     36 9 ,    100 28",", , ,","107.16,        81.49,        69.73,         0.0","5/2-, 5/2-, 3/2-, 1/2-",
"1002.6 3","B","(17/2-)","","205.1 3 ,    388.9 3","26 10 ,    100 2",", E2","797.5,       613.7","(15/2-), 13/2-",
"1020.1 1","A","5/2-,7/2-","","707.9 2 ,    778.2 2 ,    822.8 2 ,    938.7 2 ,    950.4 2","10 3 ,    100 28 ,     62 17 ,     21 5 ,     48 14",", , , ,","312.27,       241.90,       197.23,        81.49,        69.73","9/2-, 7/2-, 7/2-, 5/2-, 3/2-",
"1060.0 3","B","21/2+","","164.0 3 ,    355.7 3","13.0 11 ,    100.0 6","M1+E2, E2","896.0,       704.2","19/2+, 17/2+",
"1078.3 4","B","(13/2+)","","511.0 3 ,    643 1 ?",",",",","567.4,       435.4","15/2+, 13/2+",
"1111.4 1","A","7/2+","","660.0 2 ?,    799.1 2 ,    914.0 2 ,   1030.0 2","2.5 6 ,     31 9 ,     20 5 ,    100 12",", , , E1","451.5,       312.27,       197.23,        81.49","11/2-, 9/2-, 7/2-, 5/2-",
"1126.9 1","A","5/2-","","864.6 2 ,   1045.2 2 ,   1057.3 2 ,   1127.0 2","100 26 ,     89 26 ,     16 4 ,     32 8",", , ,","262.14,        81.49,        69.73,         0.0","9/2-, 5/2-, 3/2-, 1/2-",
"1192.6 2","A","3/2-,5/2,7/2","","995.4 2 ,   1085.5 2","88 24 ,    100 29",",","197.23,       107.16","7/2-, 5/2-",
"1208.4 3","B","(15/2+)","","130.2 3 ,    504.2 3 ,    641 1 ?","100 38 ,    ≤38,    ≤38",", ,","1078.3,       704.2,       567.4","(13/2+), 17/2+, 15/2+",
"1225.8 3","B","(19/2-)","","223.2 3 ,    428.3 3","16 5 ,    100.0 15","M1+E2, E2","1002.6,       797.5","(17/2-), (15/2-)",
"1248.5 1","A","7/2-","","739.6 4 ,    986.5 2 ,   1006.6 2 ,   1166.9 2 ,   1178.7 2","≈19,     13 3 ,    100 25 ,     16 4 ,     47 13",", , M1, ,","508.6,       262.14,       241.90,        81.49,        69.73","11/2-, 9/2-, 7/2-, 5/2-, 3/2-",
"1294.4 4","B","19/2-","","400 1 ,    432.2 3","≤2.6,    100.0 15",", E2","895.0,       862.2","17/2-, 15/2-",
"1317.5 4","B","23/2+","","257.5 3 ,    421.5 3","19.5 24 ,    100 5",", E2","1060.0,       896.0","21/2+, 19/2+",
"1330.5 4","B","21/2-","","435.4 3","100","E2","895.0","17/2-",
"1355.2 3","B","(17/2+)","","146.8 3 ,    277 1 ?,    459.2 3 ,    651.0 3","87 78 ,    ≤22,    100 17 ,     48 2",", , ,","1208.4,      1078.3,       896.0,       704.2","(15/2+), (13/2+), 19/2+, 17/2+",
"1450.2 1","A","9/2+","","942.0 2 ?,   1208.2 2 ,   1253.0 2 ,   1343.2 2 ,   1368.2 2 ,   1380.3 2","6.5 20 ,    100 10 ,      5.9 20 ,     <6.5,     14 4 ,     20 5",", E1, , , ,","508.6,       241.90,       197.23,       107.16,        81.49,        69.73","11/2-, 7/2-, 7/2-, 5/2-, 5/2-, 3/2-",
"1467.2 3","B","(21/2-)","","241.5 3 ,    464.7 3","15 5 ,    100 2",", E2","1225.8,      1002.6","(19/2-), (17/2-)",
"1473.2 4","B","(17/2-)","","578.2 3","100","","895.0","17/2-",
"1498.1 4","B","25/2+","","180.4 3 ,    438.3 3","4.2 24 ,    100.0 6",", E2","1317.5,      1060.0","23/2+, 21/2+",
"1521 1 ?","B","(19/2+)","","166 1 ?","100","","1355.2","(17/2+)",
"1574.1 2","A","3/2-,5/2-","","1332.4 4 ,   1492.5 3 ,   1504.3 3 ,   1574.2 3 ?","71 19 ,    100 26 ,     57 14 ,   <270",", , ,","241.90,        81.49,        69.73,         0.0","7/2-, 5/2-, 3/2-, 1/2-",
"1655.5 2","A","5/2-,7/2-","","1343.2 2 ?,   1393.5 3 ,   1413.5 3 ,   1574.2 3 ,   1585.7 3","<24,    100 27 ,     17 4 ,    <46,    <15",", , , ,","312.27,       262.14,       241.90,        81.49,        69.73","9/2-, 9/2-, 7/2-, 5/2-, 3/2-",
"1667.3 2","A","5/2-,7/2-","","1405.3 3 ,   1425.2 5 ,   1585.7 3 ,   1597.6 3","39 9 ,     50 13 ,    <38,    100 25",", , ,","262.14,       241.90,        81.49,        69.73","9/2-, 7/2-, 5/2-, 3/2-",
"1694.5 2","A","5/2-,7/2","","1432.2 3 ,   1452.7 5 ,   1613.2 3","100 25 ,  ,     84 22",", ,","262.14,       241.90,        81.49","9/2-, 7/2-, 5/2-",
"1700.5 3","B","19/2+","≤ 5 ns","345.2 3 ,    383.0 3 ,    492.2 3 ,    640.5 3 ,    804.6 3 ,    996.2 3 ,   1132.3 3","22 4 ,      3.3 22 ,      4.4 7 ,     45 13 ,     32 9 ,    100 8 ,      6 3",", , , , , E2,","1355.2,      1317.5,      1208.4,      1060.0,       896.0,       704.2,       567.4","(17/2+), 23/2+, (15/2+), 21/2+, 19/2+, 17/2+, 15/2+",
"1722.3 4","B","(23/2-)","","255 1 ,    496.5 3","12 6 ,    100.0 24",", E2","1467.2,      1225.8","(21/2-), (19/2-)",
"1796.4 5","B","(23/2-)","","502.0 3","100","(E2)","1294.4","19/2-",
"1812.9 4","B","(21/2-)","","339.7 3 ,    482.4 3","94 12 ,    100 18",",","1473.2,      1330.5","(17/2-), 21/2-",
"1817.3 4","B","21/2+","","116.8 3","100","M1+E2","1700.5","19/2+",
"1822.4 4","B","27/2+","","324.2 3 ,    504.9 3","11 4 ,    100 7",", E2","1498.1,      1317.5","25/2+, 23/2+",
"1832.5 4","B","(25/2-)","","502.0 3","100","(E2)","1330.5","21/2-",
"1982.1 5","B","(23/2)-","19.5 ns 6","164.8 3","100","E1","1817.3","21/2+",
"1989.5 4","B","(25/2-)","","267 1 ,    522.3 3","7 4 ,    100 3",", E2","1722.3,      1467.2","(23/2-), (21/2-)",
"2006.5 5","B","(23/2+)","","189.2 3 ,    306 1 ?","100 7 ,     ≤4.2",",","1817.3,      1700.5","21/2+, 19/2+",
"2014.3 4","B","29/2+","","192.0 3 ,    516.2 3","2.2 17 ,    100 6",", E2","1822.4,      1498.1","27/2+, 25/2+",
"2145.3 6","B","(25/2-)","","163.3 3","100","","1982.1","(23/2)-",
"2191.0 4","B","(25/2-)","","358.5 3 ,    378.0 3","30 12 ,    100 9",",","1832.5,      1812.9","(25/2-), (21/2-)",
"2223.1 5","B","(25/2+)","","216.6 3 ,    405.8 3","100 9 ,     18 6",",","2006.5,      1817.3","(23/2+), 21/2+",
"2263.6 5","B","(27/2-)","","274 1 ,    541.3 3","6 4 ,    100 3",", E2","1989.5,      1722.3","(25/2-), (23/2-)",
"2263.6 3 ?","A","5/2-,7/2","","2001.3 5 ,   2022.7 6 ,   2182.0 4","100 25 ,  ,     67 17",", ,","262.14,       241.90,        81.49","9/2-, 7/2-, 5/2-",
"2354.2 6","B","(27/2-)","","209.1 3 ,    372.0 3","100 13 ,      8 3",",","2145.3,      1982.1","(25/2-), (23/2)-",
"2357.9 6","B","(27/2-)","","561.5 3","100","","1796.4","(23/2-)",
"2392.7 5","B","(29/2-)","","560.1 3","100","(E2)","1832.5","(25/2-)",
"2397.8 5","B","31/2+","","383.5 3 ,    575.3 3","5.5 23 ,    100 11",", E2","2014.3,      1822.4","29/2+, 27/2+",
"2464.8 5","B","(27/2+)","","241.7 3 ,    458.4 3","100 29 ,     77 13",",","2223.1,      2006.5","(25/2+), (23/2+)",
"2539.4 4","B","(29/2-)","","550.0 3","100","","1989.5","(25/2-)",
"2596.2 6","B","(29/2-)","","242.0 3 ,    450.8 3","100 19 ,     22 4","(M1+E2),","2354.2,      2145.3","(27/2-), (25/2-)",
"2601.6 5","B","33/2+","","203.7 3 ,    587.4 3","1.9 17 ,    100 10",", E2","2397.8,      2014.3","31/2+, 29/2+",
"2617.6 5","B","(29/2-)","","426.6 3","100","","2191.0","(25/2-)",
"2729.3 5","B","(29/2+)","","264.4 3 ,    506.1 3","100 17 ,     87 15",",","2464.8,      2223.1","(27/2+), (25/2+)",
"2814.7 7","B","(29/2-)","≤ 3.5 ns","460.5 3","100","E2","2354.2","(27/2-)",
"2818.3 6","B","(31/2-)","","554.7 3","100","(E2)","2263.6","5/2-,7/2",
"2865.5 6","B","(31/2-)","","269.2 3 ,    511.3 3","100 20 ,     32 5",",","2596.2,      2354.2","(29/2-), (27/2-)",
"2969.6 7","B","(31/2-)","","611.7 3","100","","2357.9","(27/2-)",
"3001.5 5","B","(33/2-)","","608.8 3","100","(E2)","2392.7","(29/2-)",
"3015.0 6","B","(31/2+)","","285.7 3 ,    550.3 3","49 9 ,    100 13",",","2729.3,      2464.8","(29/2+), (27/2+)",
"3028.2 5","B","35/2+","","426.6 3 ,    630.4 3","7 3 ,    100 16",", E2","2601.6,      2397.8","33/2+, 31/2+",
"3070.5 7","B","(31/2-)","","255.8 3","100","","2814.7","(29/2-)",
"3094.7 5","B","(33/2-)","","555.4 3","100","","2539.4","(29/2-)",
"3105.2 4","B","(33/2-)","","487.6 3 ,    565.8 3","63 8 ,    100 23",",","2617.6,      2539.4","(29/2-), (29/2-)",
"3159.4 6","B","(33/2-)","","293.8 3 ,    563.3 3","100 28 ,     45 7",",","2865.5,      2596.2","(31/2-), (29/2-)",
"3251.5 6","B","37/2+","","649.9 3","100","E2","2601.6","33/2+",
"3320.0 6","B","(33/2+)","","304.8 3 ,    590.7 3","69 18 ,    100 33",",","3015.0,      2729.3","(31/2+), (29/2+)",
"3346.9 7","B","(33/2-)","","276.4 3 ,    532.2 3","100 17 ,     29 7",",","3070.5,      2814.7","(31/2-), (29/2-)",
"3382.7 6","B","(35/2-)","","564.4 3","100","","2818.3","(31/2-)",
"3474.8 6","B","(35/2-)","","315.5 3 ,    609.3 3","100 33 ,     76 13",",","3159.4,      2865.5","(33/2-), (31/2-)",
"3625.5 7","B","(35/2-)","","655.9 3","100","","2969.6","(31/2-)",
"3640.0 5","B","(37/2-)","","535 1 ?,    545.3 3 ,    638.4 3","≤6,     19 8 ,    100 13",", E2,","3105.2,      3094.7,      3001.5","(33/2-), (33/2-), (33/2-)",
"3642.2 7","B","(35/2-)","","295.3 3 ,    571.7 3","100 29 ,     66 11",",","3346.9,      3070.5","(33/2-), (31/2-)",
"3643.1 6","B","(35/2+)","","323.1 3 ,    628.1 3","70 32 ,    100 24",",","3320.0,      3015.0","(33/2+), (31/2+)",
"3660.9 5","B","(37/2-)","","659.4 3","100","","3001.5","(33/2-)",
"3685.5 5","B","(37/2-)","","580.3 3 ,    590.8 3","71 24 ,    100 29",", (E2)","3105.2,      3094.7","(33/2-), (33/2-)",
"3701.9 6","B","39/2+","","673.7 3","100","E2","3028.2","35/2+",
"3811.1 7","B","(37/2-)","","336.3 3 ,    651.8 3","100 30 ,     73 15",",","3474.8,      3159.4","(35/2-), (33/2-)",
"3954.5 6","B","(41/2+)","","703.0 3","100","","3251.5","37/2+",
"3959.0 7","B","(37/2-)","","316.8 3 ,    612.1 3 ?","100 34 ,    ≤17",",","3642.2,      3346.9","(35/2-), (33/2-)",
"3976.6 7","B","(39/2-)","","593.9 3","100","","3382.7","(35/2-)",
"3982.6 6","B","(37/2+)","","339.6 3 ,    662.5 3","64 21 ,    100 43",",","3643.1,      3320.0","(35/2+), (33/2+)",
"4166.1 7","B","(39/2-)","","355.0 3 ,    691.3 3 ?","88 42 ,    100 29",",","3811.1,      3474.8","(37/2-), (35/2-)",
"4256.4 5","B","(41/2-)","","595.4 3 ,    616.4 3","38 8 ,    100 31",",","3660.9,      3640.0","(37/2-), (37/2-)",
"4298.9 8","B","(39/2-)","","339.9 3","100","","3959.0","(37/2-)",
"4314.0 6","B","(41/2-)","","628.5 3","100","","3685.5","(37/2-)",
"4324.6 8","B","(39/2-)","","699.0 3","100","","3625.5","(35/2-)",
"4342.6 6","B","(39/2+)","","360.0 3 ,    699.5 3","100 29 ,     48 24",",","3982.6,      3643.1","(37/2+), (35/2+)",
"4414.6 7","B","(43/2+)","","712.7 3","100","","3701.9","39/2+",
"4616.2 8","B","(43/2-)","","639.6 3","100","","3976.6","(39/2-)",
"4661 2","B","(41/2-)","","362 1 ?","100","","4298.9","(39/2-)",
"4703.5 7","B","(45/2+)","","749.0 3","100","","3954.5","(41/2+)",
"4717 1","B","(41/2+)","","734 1 ?","100","","3982.6","(37/2+)",
"4930.4 6","B","(45/2-)","","674.0 3","100","","4256.4","(41/2-)",
"4985 1","B","(45/2-)","","671 1","100","","4314.0","(41/2-)",
"5070 2","B","(43/2-)","","745 1 ?","100","","4324.6","(39/2-)",
"5166.7 7","B","(47/2+)","","752.1 3","100","","4414.6","(43/2+)",
"5312.8 8","B","(47/2-)","","696.6 3","100","","4616.2","(43/2-)",
"5493.7 8","B","(49/2+)","","790.2 3","100","","4703.5","(45/2+)",
"5664 1","B","(49/2-)","","734 1 ?","100","","4930.4","(45/2-)",
"5970.2 8","B","(51/2+)","","803.5 3","100","","5166.7","(47/2+)",
"6070.2 9","B","(51/2-)","","757.4 3","100","","5312.8","(47/2-)",
"6330.1 8","B","(53/2+)","","836.4 3","100","","5493.7","(49/2+)",
"6826.3 8","B","(55/2+)","","856.1 3","100","","5970.2","(51/2+)",
"6885 2","B","(55/2-)","","815 1","100","","6070.2","(51/2-)",
"7204 2","B","(57/2+)","","874 1","100","","6330.1","(53/2+)",
"X","C","J","","","","","","",
"692+X","C","J+2","","692","","","X","J",
"1425+X","C","J+4","","733","","","692+X","J+2",
"2199+X","C","J+6","","774","","","1425+X","J+4",
"3011+X","C","J+8","","812","","","2199+X","J+6",
"3867+X","C","J+10","","856","","","3011+X","J+8",
"4773+X","C","J+12","","906","","","3867+X","J+10",
"5731+X","C","J+14","","958","","","4773+X","J+12",
"6745+X","C","J+16","","1014","","","5731+X","J+14",
"7818+X","C","J+18","","1073","","","6745+X","J+16",
"8953+X","C","J+20","","1135","","","7818+X","J+18",
"10153+X","C","J+22","","1200","","","8953+X","J+20",
"11418+X","C","J+24","","1265","","","10153+X","J+22",
"12751+X","C","J+26","","1333","","","11418+X","J+24",
"14151+X","C","J+28","","1400","","","12751+X","J+26",
"15620+X","C","J+30","","1469","","","14151+X","J+28",

"E(level)(keV)","Jπ(level)","T1/2(level)","E(γ)(keV)","Multipolarity","MixingRatio","ConversionCoefficient","Additional Data",
"69.73","3/2-","","69.70 5","M1+E2","0.88 20","13.4","α=13.4 5",
"81.49","5/2-","","81.5 1","E2","","8.13","α=8.13",
"107.16","5/2-","180 ns 8","25.70 5","M1","","37.7","B(M1)(W.u.)=4.4×10-5 14, α=37.7",
"5/2-","180 ns 8","37.40 5","M1+E2","0.029 +8-11","12.6","B(E2)(W.u.)=0.035 21, B(M1)(W.u.)=0.000131 22, α=12.6",
"5/2-","180 ns 8","107.2 2","(E2)","","2.73","α=2.73",
"197.23","7/2-","","90.0 2","M1+E2","0.23 2","5.58","α=5.58",
"197.47","7/2+","160 ns 40","90.3 1","E1","","0.472","B(E1)(W.u.)=1.3E-6 4, α=0.472",
"241.90","7/2-","","160.4 1","M1+E2","0.69 +40-30","0.93","α=0.93 8",
"7/2-","","172.2 1","E2","","0.484","α=0.484",
"255.51","9/2+","","58.05 5","M1+E2","0.21 10","4.7","α=4.7 14",
"262.14","9/2-","","180.6 1","E2","","0.41","α=0.41",
"312.27","9/2-","","115.0 1","M1+E2","","2.4","α=2.4 3",
"9/2-","","205.3 2","(E2)","","0.266","α=0.266",
"435.4","13/2+","","99.2 3","M1+E2","-0.49 3","4.12","α=4.12",
"13/2+","","180.0 3","(E2)","","0.415","α=0.415",
"451.5","11/2-","","139.2 2","M1+E2","+0.09 2","1.59","α=1.59",
"508.6","11/2-","","266.9 2","E2","","0.114","α=0.114",
"536.0","13/2-","","273.8 3","E2","","0.106","α=0.106",
"567.4","15/2+","","131.9 3","M1+E2","-0.21 +29-19","1.84","α=1.84 6",
"15/2+","","231.5 3","E2","","0.179","α=0.179",
"613.7","13/2-","","162.3 3","M1+E2","-0.05 11","1.04","α=1.04",
"13/2-","","301.3 3","(E2)","","0.0788","α=0.0788",
"704.2","17/2+","","136.6 3","M1+E2","-0.25 +23-16","1.65","α=1.65 5",
"17/2+","","269.0 3","(E2)","","0.111","α=0.111",
"785.3","7/2-,9/2-","","529.8 2","E1","","0.00583","α=0.00583",
"7/2-,9/2-","","587.8 2","M1+E2","1.9 +31-7","0.0174","α=0.0174 17",
"797.5","(15/2-)","","346.1 3","(E2)","","0.0524","α=0.0524",
"811.7","5/2-","","730.6 2","M1","","0.0188","α=0.0188",
"862.2","15/2-","","353.6 3","E2","","0.0493","α=0.0493",
"895.0","17/2-","","359.0 3","E2","","0.0472","α=0.0472",
"896.0","19/2+","","191.7 3","M1+E2","-0.9 +10-5","0.51","α=0.51 7",
"19/2+","","328.7 3","E2","","0.0609","α=0.0609",
"942.8","7/2-","","700.6 2","M1+E2","1.9 +34-7","0.0114","α=0.0114 11",
"1002.6","(17/2-)","","388.9 3","E2","","0.0378","α=0.0378",
"1060.0","21/2+","","164.0 3","M1+E2","+0.17 +12-11","0.995","α=0.995",
"21/2+","","355.7 3","E2","","0.0485","α=0.0485",
"1111.4","7/2+","","1030.0 2","E1","","0.00156","α=0.00156",
"1225.8","(19/2-)","","223.2 3","M1+E2","-0.20 8","0.419","α=0.419",
"(19/2-)","","428.3 3","E2","","0.0291","α=0.0291",
"1248.5","7/2-","","1006.6 2","M1","","0.00848","α=0.00848",
"1294.4","19/2-","","432.2 3","E2","","0.0284","α=0.0284",
"1317.5","23/2+","","421.5 3","E2","","0.0303","α=0.0303",
"1330.5","21/2-","","435.4 3","E2","","0.0278","α=0.0278",
"1450.2","9/2+","","1208.2 2","E1","","0.00117","α=0.00117",
"1467.2","(21/2-)","","464.7 3","E2","","0.0234","α=0.0234",
"1498.1","25/2+","","438.3 3","E2","","0.0273","α=0.0273",
"1700.5","19/2+","≤ 5 ns","996.2 3","E2","","0.00416","B(E2)(W.u.)≥0.00094, α=0.00416",
"1722.3","(23/2-)","","496.5 3","E2","","0.0198","α=0.0198",
"1796.4","(23/2-)","","502.0 3","(E2)","","0.0193","α=0.0193",
"1817.3","21/2+","","116.8 3","M1+E2","","2.3","α=2.3 3",
"1822.4","27/2+","","504.9 3","E2","","0.0191","α=0.0191",
"1832.5","(25/2-)","","502.0 3","(E2)","","0.0193","α=0.0193",
"1982.1","(23/2)-","19.5 ns 6","164.8 3","E1","","0.0979","B(E1)(W.u.)=2.27E-6 8, α=0.0979",
"1989.5","(25/2-)","","522.3 3","E2","","0.0175","α=0.0175",
"2014.3","29/2+","","516.2 3","E2","","0.0180","α=0.0180",
"2263.6","(27/2-)","","541.3 3","E2","","0.0160","α=0.0160",
"2392.7","(29/2-)","","560.1 3","(E2)","","0.0148","α=0.0148",
"2397.8","31/2+","","575.3 3","E2","","0.0138","α=0.0138",
"2596.2","(29/2-)","","242.0 3","(M1+E2)","+0.25 4","0.331","α=0.331",
"2601.6","33/2+","","587.4 3","E2","","0.0132","α=0.0132",
"2814.7","(29/2-)","≤ 3.5 ns","460.5 3","E2","","0.0240","B(E2)(W.u.)≥0.13, α=0.0240",
"2818.3","(31/2-)","","554.7 3","(E2)","","0.0151","α=0.0151",
"3001.5","(33/2-)","","608.8 3","(E2)","","0.0121","α=0.0121",
"3028.2","35/2+","","630.4 3","E2","","0.0112","α=0.0112",
"3251.5","37/2+","","649.9 3","E2","","0.0104","α=0.0104",
"3640.0","(37/2-)","","545.3 3","E2","","0.0158","α=0.0158",
"3685.5","(37/2-)","","590.8 3","(E2)","","0.0130","α=0.0130",
"3701.9","39/2+","","673.7 3","E2","","0.00958","α=0.00958",

"E(level)","Jπ(level)","T1/2(level)","Comments",
"0.0","1/2-","23.6 h 1 , % ε = 100","E(level): From 173Ta ε decay. 1/2[521] band.",
"69.73","3/2-","","E(level): From 173Ta ε decay. 1/2[521] band.",
"81.49","5/2-","","E(level): From 173Ta ε decay. 1/2[521] band.",
"107.16","5/2-","180 ns 8","E(level): Weighted average from 173Ta ε decay and (HI,xnγ). 5/2[512] band.",
"197.23","7/2-","","E(level): Weighted average from 173Ta ε decay and (HI,xnγ). 5/2[512] band.",
"197.47","7/2+","160 ns 40","E(level): 7/2[633] (mixed i13/2 neutron) band,.",
"241.90","7/2-","","E(level): From 173Ta ε decay. 1/2[521] band.",
"255.51","9/2+","","E(level): 7/2[633] (mixed i13/2 neutron) band,.",
"262.14","9/2-","","E(level): From 173Ta ε decay. 1/2[521] band.",
"312.27","9/2-","","E(level): Weighted average from 173Ta ε decay and (HI,xnγ). 5/2[512] band.",
"336.0","11/2+","","E(level): 7/2[633] (mixed i13/2 neutron) band,.",
"435.4","13/2+","","E(level): 7/2[633] (mixed i13/2 neutron) band,.",
"451.5","11/2-","","E(level): Weighted average from 173Ta ε decay and (HI,xnγ). 5/2[512] band.",
"508.6","11/2-","","E(level): From 173Ta ε decay. 1/2[521] band.",
"536.0","13/2-","","E(level): From 173Ta ε decay. 1/2[521] band.",
"567.4","15/2+","","E(level): 7/2[633] (mixed i13/2 neutron) band,.",
"613.7","13/2-","","E(level): Weighted average from 173Ta ε decay and (HI,xnγ). 5/2[512] band.",
"704.2","17/2+","","E(level): 7/2[633] (mixed i13/2 neutron) band,.",
"797.5","(15/2-)","","E(level): Weighted average from 173Ta ε decay and (HI,xnγ). 5/2[512] band.",
"862.2","15/2-","","E(level): From 173Ta ε decay. 1/2[521] band.",
"895.0","17/2-","","E(level): From 173Ta ε decay. 1/2[521] band.",
"896.0","19/2+","","E(level): 7/2[633] (mixed i13/2 neutron) band,.",
"1002.6","(17/2-)","","E(level): Weighted average from 173Ta ε decay and (HI,xnγ). 5/2[512] band.",
"1060.0","21/2+","","E(level): 7/2[633] (mixed i13/2 neutron) band,.",
"1078.3","(13/2+)","","E(level): From 173Ta ε decay. Kπ=13/2+ band.",
"1208.4","(15/2+)","","E(level): From 173Ta ε decay. Kπ=13/2+ band.",
"1225.8","(19/2-)","","E(level): Weighted average from 173Ta ε decay and (HI,xnγ). 5/2[512] band.",
"1294.4","19/2-","","E(level): From 173Ta ε decay. 1/2[521] band.",
"1317.5","23/2+","","E(level): 7/2[633] (mixed i13/2 neutron) band,.",
"1330.5","21/2-","","E(level): From 173Ta ε decay. 1/2[521] band.",
"1355.2","(17/2+)","","E(level): From 173Ta ε decay. Kπ=13/2+ band.",
"1467.2","(21/2-)","","E(level): Weighted average from 173Ta ε decay and (HI,xnγ). 5/2[512] band.",
"1473.2","(17/2-)","","E(level): From 173Ta ε decay. YRARE EXTENSION OF 1/2[521] band.",
"1498.1","25/2+","","E(level): 7/2[633] (mixed i13/2 neutron) band,.",
"1521","(19/2+)","","E(level): From 173Ta ε decay. Kπ=13/2+ band.",
"1700.5","19/2+","≤ 5 ns","E(level): Weighted average from 173Ta ε decay and (HI,xnγ). Kπ=19/2+ band.",
"1722.3","(23/2-)","","E(level): Weighted average from 173Ta ε decay and (HI,xnγ). 5/2[512] band.",
"1796.4","(23/2-)","","E(level): From 173Ta ε decay. 1/2[521] band.",
"1812.9","(21/2-)","","E(level): From 173Ta ε decay. YRARE EXTENSION OF 1/2[521] band.",
"1817.3","21/2+","","E(level): Weighted average from 173Ta ε decay and (HI,xnγ). Kπ=19/2+ band.",
"1822.4","27/2+","","E(level): 7/2[633] (mixed i13/2 neutron) band,.",
"1832.5","(25/2-)","","E(level): From 173Ta ε decay. 1/2[521] band.",
"1982.1","(23/2)-","19.5 ns 6","μ=+6.63 23, E(level): From 173Ta ε decay. Kπ=23/2- band.",
"1989.5","(25/2-)","","E(level): Weighted average from 173Ta ε decay and (HI,xnγ). 5/2[512] band.",
"2006.5","(23/2+)","","E(level): Weighted average from 173Ta ε decay and (HI,xnγ). Kπ=19/2+ band.",
"2014.3","29/2+","","E(level): 7/2[633] (mixed i13/2 neutron) band,.",
"2145.3","(25/2-)","","E(level): From 173Ta ε decay. Kπ=23/2- band.",
"2191.0","(25/2-)","","E(level): From 173Ta ε decay. YRARE EXTENSION OF 1/2[521] band.",
"2223.1","(25/2+)","","E(level): Weighted average from 173Ta ε decay and (HI,xnγ). Kπ=19/2+ band.",
"2263.6","(27/2-)","","E(level): Weighted average from 173Ta ε decay and (HI,xnγ). 5/2[512] band.",
"2354.2","(27/2-)","","E(level): From 173Ta ε decay. Kπ=23/2- band.",
"2357.9","(27/2-)","","E(level): From 173Ta ε decay. 1/2[521] band.",
"2392.7","(29/2-)","","E(level): From 173Ta ε decay. 1/2[521] band.",
"2397.8","31/2+","","E(level): 7/2[633] (mixed i13/2 neutron) band,.",
"2464.8","(27/2+)","","E(level): Weighted average from 173Ta ε decay and (HI,xnγ). Kπ=19/2+ band.",
"2539.4","(29/2-)","","E(level): Weighted average from 173Ta ε decay and (HI,xnγ). 5/2[512] band.",
"2596.2","(29/2-)","","E(level): From 173Ta ε decay. Kπ=23/2- band.",
"2601.6","33/2+","","E(level): 7/2[633] (mixed i13/2 neutron) band,.",
"2617.6","(29/2-)","","E(level): From 173Ta ε decay. YRARE EXTENSION OF 1/2[521] band.",
"2729.3","(29/2+)","","E(level): Weighted average from 173Ta ε decay and (HI,xnγ). Kπ=19/2+ band.",
"2814.7","(29/2-)","≤ 3.5 ns","E(level): From 173Ta ε decay. Kπ=29/2- band.",
"2818.3","(31/2-)","","E(level): Weighted average from 173Ta ε decay and (HI,xnγ). 5/2[512] band.",
"2865.5","(31/2-)","","E(level): From 173Ta ε decay. Kπ=23/2- band.",
"2969.6","(31/2-)","","E(level): From 173Ta ε decay. 1/2[521] band.",
"3001.5","(33/2-)","","E(level): From 173Ta ε decay. 1/2[521] band.",
"3015.0","(31/2+)","","E(level): Weighted average from 173Ta ε decay and (HI,xnγ). Kπ=19/2+ band.",
"3028.2","35/2+","","E(level): 7/2[633] (mixed i13/2 neutron) band,.",
"3070.5","(31/2-)","","E(level): From 173Ta ε decay. Kπ=29/2- band.",
"3094.7","(33/2-)","","E(level): Weighted average from 173Ta ε decay and (HI,xnγ). 5/2[512] band.",
"3105.2","(33/2-)","","E(level): From 173Ta ε decay. YRARE EXTENSION OF 1/2[521] band.",
"3159.4","(33/2-)","","E(level): From 173Ta ε decay. Kπ=23/2- band.",
"3251.5","37/2+","","E(level): 7/2[633] (mixed i13/2 neutron) band,.",
"3320.0","(33/2+)","","E(level): Weighted average from 173Ta ε decay and (HI,xnγ). Kπ=19/2+ band.",
"3346.9","(33/2-)","","E(level): From 173Ta ε decay. Kπ=29/2- band.",
"3382.7","(35/2-)","","E(level): Weighted average from 173Ta ε decay and (HI,xnγ). 5/2[512] band.",
"3474.8","(35/2-)","","E(level): From 173Ta ε decay. Kπ=23/2- band.",
"3625.5","(35/2-)","","E(level): From 173Ta ε decay. 1/2[521] band.",
"3640.0","(37/2-)","","E(level): From 173Ta ε decay. 1/2[521] band.",
"3642.2","(35/2-)","","E(level): From 173Ta ε decay. Kπ=29/2- band.",
"3643.1","(35/2+)","","E(level): Weighted average from 173Ta ε decay and (HI,xnγ). Kπ=19/2+ band.",
"3660.9","(37/2-)","","E(level): From 173Ta ε decay. YRARE EXTENSION OF 1/2[521] band.",
"3685.5","(37/2-)","","E(level): Weighted average from 173Ta ε decay and (HI,xnγ). 5/2[512] band.",
"3701.9","39/2+","","E(level): 7/2[633] (mixed i13/2 neutron) band,.",
"3811.1","(37/2-)","","E(level): From 173Ta ε decay. Kπ=23/2- band.",
"3954.5","(41/2+)","","E(level): 7/2[633] (mixed i13/2 neutron) band,.",
"3959.0","(37/2-)","","E(level): From 173Ta ε decay. Kπ=29/2- band.",
"3976.6","(39/2-)","","E(level): Weighted average from 173Ta ε decay and (HI,xnγ). 5/2[512] band.",
"3982.6","(37/2+)","","E(level): Weighted average from 173Ta ε decay and (HI,xnγ). Kπ=19/2+ band.",
"4166.1","(39/2-)","","E(level): From 173Ta ε decay. Kπ=23/2- band.",
"4256.4","(41/2-)","","E(level): From 173Ta ε decay. 1/2[521] band.",
"4298.9","(39/2-)","","E(level): From 173Ta ε decay. Kπ=29/2- band.",
"4314.0","(41/2-)","","E(level): Weighted average from 173Ta ε decay and (HI,xnγ). 5/2[512] band.",
"4324.6","(39/2-)","","E(level): From 173Ta ε decay. 1/2[521] band.",
"4342.6","(39/2+)","","E(level): Weighted average from 173Ta ε decay and (HI,xnγ). Kπ=19/2+ band.",
"4414.6","(43/2+)","","E(level): 7/2[633] (mixed i13/2 neutron) band,.",
"4616.2","(43/2-)","","E(level): Weighted average from 173Ta ε decay and (HI,xnγ). 5/2[512] band.",
"4661","(41/2-)","","E(level): From 173Ta ε decay. Kπ=29/2- band.",
"4703.5","(45/2+)","","E(level): 7/2[633] (mixed i13/2 neutron) band,.",
"4717","(41/2+)","","E(level): Weighted average from 173Ta ε decay and (HI,xnγ). Kπ=19/2+ band.",
"4930.4","(45/2-)","","E(level): From 173Ta ε decay. 1/2[521] band.",
"4985","(45/2-)","","E(level): Weighted average from 173Ta ε decay and (HI,xnγ). 5/2[512] band.",
"5070","(43/2-)","","E(level): From 173Ta ε decay. 1/2[521] band.",
"5166.7","(47/2+)","","E(level): 7/2[633] (mixed i13/2 neutron) band,.",
"5312.8","(47/2-)","","E(level): Weighted average from 173Ta ε decay and (HI,xnγ). 5/2[512] band.",
"5493.7","(49/2+)","","E(level): 7/2[633] (mixed i13/2 neutron) band,.",
"5664","(49/2-)","","E(level): From 173Ta ε decay. 1/2[521] band.",
"5970.2","(51/2+)","","E(level): 7/2[633] (mixed i13/2 neutron) band,.",
"6070.2","(51/2-)","","E(level): Weighted average from 173Ta ε decay and (HI,xnγ). 5/2[512] band.",
"6330.1","(53/2+)","","E(level): 7/2[633] (mixed i13/2 neutron) band,.",
"6826.3","(55/2+)","","E(level): 7/2[633] (mixed i13/2 neutron) band,.",
"6885","(55/2-)","","E(level): Weighted average from 173Ta ε decay and (HI,xnγ). 5/2[512] band.",
"7204","(57/2+)","","E(level): 7/2[633] (mixed i13/2 neutron) band,.",
"X","J","","E(level): Weighted average from 173Ta ε decay and (HI,xnγ). Triaxial SD band (2005Ha05,2005Ri16).",
"692+X","J+2","","E(level): Weighted average from 173Ta ε decay and (HI,xnγ). Triaxial SD band (2005Ha05,2005Ri16).",
"1425+X","J+4","","E(level): Weighted average from 173Ta ε decay and (HI,xnγ). Triaxial SD band (2005Ha05,2005Ri16).",
"2199+X","J+6","","E(level): Weighted average from 173Ta ε decay and (HI,xnγ). Triaxial SD band (2005Ha05,2005Ri16).",
"3011+X","J+8","","E(level): Weighted average from 173Ta ε decay and (HI,xnγ). Triaxial SD band (2005Ha05,2005Ri16).",
"3867+X","J+10","","E(level): Weighted average from 173Ta ε decay and (HI,xnγ). Triaxial SD band (2005Ha05,2005Ri16).",
"4773+X","J+12","","E(level): Weighted average from 173Ta ε decay and (HI,xnγ). Triaxial SD band (2005Ha05,2005Ri16).",
"5731+X","J+14","","E(level): Weighted average from 173Ta ε decay and (HI,xnγ). Triaxial SD band (2005Ha05,2005Ri16).",
"6745+X","J+16","","E(level): Weighted average from 173Ta ε decay and (HI,xnγ). Triaxial SD band (2005Ha05,2005Ri16).",
"7818+X","J+18","","E(level): Weighted average from 173Ta ε decay and (HI,xnγ). Triaxial SD band (2005Ha05,2005Ri16).",
"8953+X","J+20","","E(level): Weighted average from 173Ta ε decay and (HI,xnγ). Triaxial SD band (2005Ha05,2005Ri16).",
"10153+X","J+22","","E(level): Weighted average from 173Ta ε decay and (HI,xnγ). Triaxial SD band (2005Ha05,2005Ri16).",
"11418+X","J+24","","E(level): Weighted average from 173Ta ε decay and (HI,xnγ). Triaxial SD band (2005Ha05,2005Ri16).",
"12751+X","J+26","","E(level): Weighted average from 173Ta ε decay and (HI,xnγ). Triaxial SD band (2005Ha05,2005Ri16).",
"14151+X","J+28","","E(level): Weighted average from 173Ta ε decay and (HI,xnγ). Triaxial SD band (2005Ha05,2005Ri16).",
"15620+X","J+30","","E(level): Weighted average from 173Ta ε decay and (HI,xnγ). Triaxial SD band (2005Ha05,2005Ri16).",

